chr	start	end	locus
1	10583	1892607	1
1	1892607	3582736	2
1	3582736	4380811	3
1	4380811	5913893	4
1	5913893	7247335	5
1	7247335	9365199	6
1	9365199	10806984	7
1	10806984	11777841	8
1	11777841	12779466	9
1	12779466	14891511	10
1	14891511	16897730	11
1	16897730	18662899	12
1	18662899	20469149	13
1	20469149	21736588	14
1	21736588	23086883	15
1	23086883	23920590	16
1	23920590	25516845	17
1	25516845	27401867	18
1	27401867	30161881	19
1	30161881	32438685	20
1	32438685	34799758	21
1	34799758	37549183	22
1	37549183	38731847	23
1	38731847	40200567	24
1	40200567	41975327	25
1	41975327	43758457	26
1	43758457	44969183	27
1	44969183	46899501	28
1	46899501	48002576	29
1	48002576	48978188	30
1	48978188	49894177	31
1	49894177	51713726	32
1	51713726	54226262	33
1	54226262	56413117	34
1	56413117	57021728	35
1	57021728	58865399	36
1	58865399	59890409	37
1	59890409	61922365	38
1	61922365	63455089	39
1	63455089	65041704	40
1	65041704	66939404	41
1	66939404	68477895	42
1	68477895	69687616	43
1	69687616	71372470	44
1	71372470	71684405	45
1	71684405	74326907	46
1	74326907	76728135	47
1	76728135	79661198	48
1	79661198	81354191	49
1	81354191	83991748	50
1	83991748	84844495	51
1	84844495	86454751	52
1	86454751	88128631	53
1	88128631	90066303	54
1	90066303	91886317	55
1	91886317	93536459	56
1	93536459	94506191	57
1	94506191	96150893	58
1	96150893	97885249	59
1	97885249	99800604	60
1	99800604	100826405	61
1	100826405	102041016	62
1	102041016	102898745	63
1	102898745	103914211	64
1	103914211	106087842	65
1	106087842	108409665	66
1	108409665	110303931	67
1	110303931	111741737	68
1	111741737	113273306	69
1	113273306	114873845	70
1	114873845	115880593	71
1	115880593	118839067	72
1	118839067	144977494	73
1	144977494	148361253	74
1	148361253	151538881	75
1	151538881	153180829	76
1	153180829	154770403	77
1	154770403	156336133	78
1	156336133	158027412	79
1	158027412	159913048	80
1	159913048	162346721	81
1	162346721	165191702	82
1	165191702	166460517	83
1	166460517	169086324	84
1	169086324	170557776	85
1	170557776	173097907	86
1	173097907	175089768	87
1	175089768	177433381	88
1	177433381	178944309	89
1	178944309	178954470	90
1	178954470	181144121	91
1	181144121	182755356	92
1	182755356	184595513	93
1	184595513	186810023	94
1	186810023	188759945	95
1	188759945	189904130	96
1	189904130	191868930	97
1	191868930	194107442	98
1	194107442	196176201	99
1	196176201	197311514	100
1	197311514	199239884	101
1	199239884	200137649	102
1	200137649	201589975	103
1	201589975	203334734	104
1	203334734	204681068	105
1	204681068	206073265	106
1	206073265	208410364	107
1	208410364	210787750	108
1	210787750	212842330	109
1	212842330	214578266	110
1	214578266	216243634	111
1	216243634	218705513	112
1	218705513	219590571	113
1	219590571	221858231	114
1	221858231	222230220	115
1	222230220	224938520	116
1	224938520	226810860	117
1	226810860	229156248	118
1	229156248	230685255	119
1	230685255	232090252	120
1	232090252	233429284	121
1	233429284	234599434	122
1	234599434	235819436	123
1	235819436	237555628	124
1	237555628	238567807	125
1	238567807	239925314	126
1	239925314	240564091	127
1	240564091	241582220	128
1	241582220	242071602	129
1	242071602	244109499	130
1	244109499	245506746	131
1	245506746	247344518	132
1	247344518	249239466	133
2	10133	1781022	134
2	1781022	3973779	135
2	3973779	5708337	136
2	5708337	6836254	137
2	6836254	8422147	138
2	8422147	10298469	139
2	10298469	12419150	140
2	12419150	14335308	141
2	14335308	16329735	142
2	16329735	18647423	143
2	18647423	19692404	144
2	19692404	21050490	145
2	21050490	23341383	146
2	23341383	24686918	147
2	24686918	26894985	148
2	26894985	28598777	149
2	28598777	29217559	150
2	29217559	30463711	151
2	30463711	31550450	152
2	31550450	33363777	153
2	33363777	35345028	154
2	35345028	36122006	155
2	36122006	38132712	156
2	38132712	39031337	157
2	39031337	40281483	158
2	40281483	43309590	159
2	43309590	44313803	160
2	44313803	46482634	161
2	46482634	47318772	162
2	47318772	48213001	163
2	48213001	50022257	164
2	50022257	50818928	165
2	50818928	52491133	166
2	52491133	53508452	167
2	53508452	54685226	168
2	54685226	56203345	169
2	56203345	57429100	170
2	57429100	58297315	171
2	58297315	60292000	172
2	60292000	62429044	173
2	62429044	64625913	174
2	64625913	65933444	175
2	65933444	67226166	176
2	67226166	68010176	177
2	68010176	69139564	178
2	69139564	70755198	179
2	70755198	73174848	180
2	73174848	75630086	181
2	75630086	76913661	182
2	76913661	78079264	183
2	78079264	80050403	184
2	80050403	81620841	185
2	81620841	85140680	186
2	85140680	88038507	187
2	88038507	89154526	188
2	89154526	95326452	189
2	95326452	98995201	190
2	98995201	101822329	191
2	101822329	102688765	192
2	102688765	103588215	193
2	103588215	105125034	194
2	105125034	106210058	195
2	106210058	107408267	196
2	107408267	108429177	197
2	108429177	110572432	198
2	110572432	113921856	199
2	113921856	116772470	200
2	116772470	118367466	201
2	118367466	121303783	202
2	121303783	123302906	203
2	123302906	124732250	204
2	124732250	125840921	205
2	125840921	127373764	206
2	127373764	128034347	207
2	128034347	129474441	208
2	129474441	130067170	209
2	130067170	130658085	210
2	130658085	133042784	211
2	133042784	135158578	212
2	135158578	137042794	213
2	137042794	138698117	214
2	138698117	140100271	215
2	140100271	141805351	216
2	141805351	142518602	217
2	142518602	144519484	218
2	144519484	146445570	219
2	146445570	147277162	220
2	147277162	150210292	221
2	150210292	151731462	222
2	151731462	152486782	223
2	152486782	154005056	224
2	154005056	155391135	225
2	155391135	157560635	226
2	157560635	158533218	227
2	158533218	159577082	228
2	159577082	161769733	229
2	161769733	163503551	230
2	163503551	164466638	231
2	164466638	165178840	232
2	165178840	167160270	233
2	167160270	167355970	234
2	167355970	169968236	235
2	169968236	171226245	236
2	171226245	173138905	237
2	173138905	175588929	238
2	175588929	177363636	239
2	177363636	178553183	240
2	178553183	181312739	241
2	181312739	182266031	242
2	182266031	184357608	243
2	184357608	185280173	244
2	185280173	189882065	245
2	189882065	191973357	246
2	191973357	195861164	247
2	195861164	196447456	248
2	196447456	198078110	249
2	198078110	199311125	250
2	199311125	201576284	251
2	201576284	202818637	252
2	202818637	205799241	253
2	205799241	206735704	254
2	206735704	208645399	255
2	208645399	209941529	256
2	209941529	212379518	257
2	212379518	214014282	258
2	214014282	215573795	259
2	215573795	217715661	260
2	217715661	218395480	261
2	218395480	220454551	262
2	220454551	222521176	263
2	222521176	224859419	264
2	224859419	225840004	265
2	225840004	228119842	266
2	228119842	229370787	267
2	229370787	231843389	268
2	231843389	233550003	269
2	233550003	235150987	270
2	235150987	236043550	271
2	236043550	237449032	272
2	237449032	238760981	273
2	238760981	239952643	274
2	239952643	241560084	275
2	241560084	242149921	276
2	242149921	243188920	277
3	60157	1441779	278
3	1441779	2992120	279
3	2992120	4431647	280
3	4431647	6083183	281
3	6083183	7083387	282
3	7083387	8648561	283
3	8648561	9543183	284
3	9543183	11019665	285
3	11019665	13070799	286
3	13070799	14816900	287
3	14816900	16282442	288
3	16282442	17891118	289
3	17891118	19125144	290
3	19125144	20091348	291
3	20091348	21643707	292
3	21643707	22204244	293
3	22204244	23804865	294
3	23804865	25461558	295
3	25461558	26877769	296
3	26877769	27840910	297
3	27840910	29142260	298
3	29142260	30717955	299
3	30717955	32351715	300
3	32351715	33255592	301
3	33255592	35283458	302
3	35283458	36486842	303
3	36486842	38356116	304
3	38356116	40221298	305
3	40221298	41064528	306
3	41064528	42540002	307
3	42540002	45165153	308
3	45165153	46657500	309
3	46657500	47727212	310
3	47727212	49316972	311
3	49316972	51832015	312
3	51832015	54081390	313
3	54081390	55348860	314
3	55348860	56433907	315
3	56433907	58157519	316
3	58157519	60272906	317
3	60272906	62355666	318
3	62355666	63669286	319
3	63669286	65273538	320
3	65273538	66270447	321
3	66270447	68286914	322
3	68286914	69276762	323
3	69276762	70449028	324
3	70449028	72529329	325
3	72529329	74321817	326
3	74321817	75704949	327
3	75704949	77508835	328
3	77508835	79024541	329
3	79024541	81427310	330
3	81427310	82643886	331
3	82643886	84367479	332
3	84367479	85582231	333
3	85582231	87409732	334
3	87409732	88298373	335
3	88298373	94255316	336
3	94255316	95311971	337
3	95311971	98215950	338
3	98215950	99373762	339
3	99373762	100592217	340
3	100592217	103084960	341
3	103084960	104581613	342
3	104581613	106982811	343
3	106982811	109522395	344
3	109522395	110513770	345
3	110513770	112815699	346
3	112815699	113947863	347
3	113947863	115447080	348
3	115447080	116800153	349
3	116800153	118530251	350
3	118530251	120523055	351
3	120523055	121974097	352
3	121974097	123517768	353
3	123517768	124936642	354
3	124936642	126214943	355
3	126214943	128194861	356
3	128194861	130244735	357
3	130244735	131836516	358
3	131836516	133252173	359
3	133252173	135456906	360
3	135456906	137371083	361
3	137371083	139954597	362
3	139954597	141339097	363
3	141339097	143164628	364
3	143164628	144410816	365
3	144410816	145664619	366
3	145664619	146726629	367
3	146726629	149043237	368
3	149043237	150252004	369
3	150252004	151348730	370
3	151348730	153256571	371
3	153256571	154714218	372
3	154714218	156008700	373
3	156008700	157312028	374
3	157312028	159477890	375
3	159477890	161524504	376
3	161524504	163253205	377
3	163253205	165055469	378
3	165055469	167117429	379
3	167117429	168580960	380
3	168580960	170964909	381
3	170964909	172295731	382
3	172295731	173477285	383
3	173477285	175116539	384
3	175116539	176320287	385
3	176320287	178107165	386
3	178107165	179374586	387
3	179374586	181511166	388
3	181511166	183769683	389
3	183769683	185068255	390
3	185068255	186890344	391
3	186890344	188856214	392
3	188856214	190226607	393
3	190226607	192343814	394
3	192343814	194059671	395
3	194059671	194786674	396
3	194786674	195971408	397
3	195971408	197075987	398
3	197075987	197946622	399
4	10240	694715	400
4	694715	1478711	401
4	1478711	2842979	402
4	2842979	3846040	403
4	3846040	4684116	404
4	4684116	5502388	405
4	5502388	6773043	406
4	6773043	7539692	407
4	7539692	8152235	408
4	8152235	9326479	409
4	9326479	10699152	410
4	10699152	12323034	411
4	12323034	14272001	412
4	14272001	15147446	413
4	15147446	15927009	414
4	15927009	17383322	415
4	17383322	18841874	416
4	18841874	20544557	417
4	20544557	22319347	418
4	22319347	24135529	419
4	24135529	25609322	420
4	25609322	27343722	421
4	27343722	27965868	422
4	27965868	29762208	423
4	29762208	30454535	424
4	30454535	31782981	425
4	31782981	33172766	426
4	33172766	35151415	427
4	35151415	36020436	428
4	36020436	37255047	429
4	37255047	38907022	430
4	38907022	40202609	431
4	40202609	42213058	432
4	42213058	43965045	433
4	43965045	45189157	434
4	45189157	47411896	435
4	47411896	48123600	436
4	48123600	53877433	437
4	53877433	55429556	438
4	55429556	56547644	439
4	56547644	58935008	440
4	58935008	60741087	441
4	60741087	62371763	442
4	62371763	64341001	443
4	64341001	66600492	444
4	66600492	68059497	445
4	68059497	68854765	446
4	68854765	71049152	447
4	71049152	72140558	448
4	72140558	74592390	449
4	74592390	77130707	450
4	77130707	79093979	451
4	79093979	80990297	452
4	80990297	82125315	453
4	82125315	83372593	454
4	83372593	84799656	455
4	84799656	86930609	456
4	86930609	87534648	457
4	87534648	89238028	458
4	89238028	90231564	459
4	90231564	91560677	460
4	91560677	94233299	461
4	94233299	96182188	462
4	96182188	97540703	463
4	97540703	99424067	464
4	99424067	100678360	465
4	100678360	103221356	466
4	103221356	105305294	467
4	105305294	107501305	468
4	107501305	108815348	469
4	108815348	111256567	470
4	111256567	113870102	471
4	113870102	115666246	472
4	115666246	117276929	473
4	117276929	118479918	474
4	118479918	119933512	475
4	119933512	120392684	476
4	120392684	122657987	477
4	122657987	124286481	478
4	124286481	125210862	479
4	125210862	126480886	480
4	126480886	127275477	481
4	127275477	127830293	482
4	127830293	128996665	483
4	128996665	130591885	484
4	130591885	131283821	485
4	131283821	132954033	486
4	132954033	134628434	487
4	134628434	136566407	488
4	136566407	138541971	489
4	138541971	139556511	490
4	139556511	141084631	491
4	141084631	143443265	492
4	143443265	146178187	493
4	146178187	148521873	494
4	148521873	150683580	495
4	150683580	152782184	496
4	152782184	154477641	497
4	154477641	155056126	498
4	155056126	157485097	499
4	157485097	158743718	500
4	158743718	161058864	501
4	161058864	161826435	502
4	161826435	163243679	503
4	163243679	164478234	504
4	164478234	165823448	505
4	165823448	167018858	506
4	167018858	167852917	507
4	167852917	169676825	508
4	169676825	170776510	509
4	170776510	172558635	510
4	172558635	174264132	511
4	174264132	176570716	512
4	176570716	178991910	513
4	178991910	180122043	514
4	180122043	182066807	515
4	182066807	183371275	516
4	183371275	184929455	517
4	184929455	186909090	518
4	186909090	188472981	519
4	188472981	189693511	520
4	189693511	191043594	521
5	11940	982252	522
5	982252	2132442	523
5	2132442	3361941	524
5	3361941	4632110	525
5	4632110	5973233	526
5	5973233	7143218	527
5	7143218	8446336	528
5	8446336	9718832	529
5	9718832	11173271	530
5	11173271	13464832	531
5	13464832	14757804	532
5	14757804	16963613	533
5	16963613	18051592	534
5	18051592	19917716	535
5	19917716	22152073	536
5	22152073	23494324	537
5	23494324	26184851	538
5	26184851	26857604	539
5	26857604	27984513	540
5	27984513	29714820	541
5	29714820	31390249	542
5	31390249	33500180	543
5	33500180	35048970	544
5	35048970	36433954	545
5	36433954	38802410	546
5	38802410	40287729	547
5	40287729	41888710	548
5	41888710	43983499	549
5	43983499	50163398	550
5	50163398	52134622	551
5	52134622	53703044	552
5	53703044	55417349	553
5	55417349	56621102	554
5	56621102	57340073	555
5	57340073	58524622	556
5	58524622	60935907	557
5	60935907	61672995	558
5	61672995	63218987	559
5	63218987	63968304	560
5	63968304	65911286	561
5	65911286	67850860	562
5	67850860	71240456	563
5	71240456	73759326	564
5	73759326	75798866	565
5	75798866	77623332	566
5	77623332	79393144	567
5	79393144	80481471	568
5	80481471	82025648	569
5	82025648	83972689	570
5	83972689	85767290	571
5	85767290	87389991	572
5	87389991	88891530	573
5	88891530	90422654	574
5	90422654	91840542	575
5	91840542	93809984	576
5	93809984	95963519	577
5	95963519	97315601	578
5	97315601	99260992	579
5	99260992	101578769	580
5	101578769	103320005	581
5	103320005	104851483	582
5	104851483	105893055	583
5	105893055	107264196	584
5	107264196	108633934	585
5	108633934	110821144	586
5	110821144	111981562	587
5	111981562	113396285	588
5	113396285	114830370	589
5	114830370	115831047	590
5	115831047	117346213	591
5	117346213	118608820	592
5	118608820	119669042	593
5	119669042	120452166	594
5	120452166	122556905	595
5	122556905	123798100	596
5	123798100	125785649	597
5	125785649	127344604	598
5	127344604	129519025	599
5	129519025	132139649	600
5	132139649	134777401	601
5	134777401	136376050	602
5	136376050	139265072	603
5	139265072	140645971	604
5	140645971	142981248	605
5	142981248	144943354	606
5	144943354	147181998	607
5	147181998	148662624	608
5	148662624	150561298	609
5	150561298	152867774	610
5	152867774	153773088	611
5	153773088	155373505	612
5	155373505	156628700	613
5	156628700	158825698	614
5	158825698	159973944	615
5	159973944	161482133	616
5	161482133	162743908	617
5	162743908	163771582	618
5	163771582	165642395	619
5	165642395	166847740	620
5	166847740	168525318	621
5	168525318	169505664	622
5	169505664	171074292	623
5	171074292	172678327	624
5	172678327	173642871	625
5	173642871	175450595	626
5	175450595	177251507	627
5	177251507	178413464	628
5	178413464	179401244	629
5	179401244	180559933	630
5	180559933	180885156	631
6	73924	1452362	632
6	1452362	2458936	633
6	2458936	3573593	634
6	3573593	4617817	635
6	4617817	5791472	636
6	5791472	6785207	637
6	6785207	7808936	638
6	7808936	9020026	639
6	9020026	10540317	640
6	10540317	11790816	641
6	11790816	13209388	642
6	13209388	14802924	643
6	14802924	17386405	644
6	17386405	19207487	645
6	19207487	21684065	646
6	21684065	22748307	647
6	22748307	23936619	648
6	23936619	24852275	649
6	24852275	25684587	650
6	25684587	26791233	651
6	26791233	28017819	652
6	28017819	28917608	653
6	28917608	29737971	654
6	29737971	30798168	655
6	30798168	31571218	656
6	31571218	32682664	657
6	32682664	33236497	658
6	33236497	35455756	659
6	35455756	37572596	660
6	37572596	39295677	661
6	39295677	40345115	662
6	40345115	42038721	663
6	42038721	43756169	664
6	43756169	45406563	665
6	45406563	47311898	666
6	47311898	48391125	667
6	48391125	50386145	668
6	50386145	52210476	669
6	52210476	53279102	670
6	53279102	55468270	671
6	55468270	56105313	672
6	56105313	57599465	673
6	57599465	61880512	674
6	61880512	63552888	675
6	63552888	65765742	676
6	65765742	67329215	677
6	67329215	68849483	678
6	68849483	69523448	679
6	69523448	71609510	680
6	71609510	73450097	681
6	73450097	75462003	682
6	75462003	77414881	683
6	77414881	78957728	684
6	78957728	80691170	685
6	80691170	81929222	686
6	81929222	83127149	687
6	83127149	85209989	688
6	85209989	87069500	689
6	87069500	88822140	690
6	88822140	89973052	691
6	89973052	91843196	692
6	91843196	93428644	693
6	93428644	94118142	694
6	94118142	94441175	695
6	94441175	97093511	696
6	97093511	97842284	697
6	97842284	100630146	698
6	100630146	102636772	699
6	102636772	103983395	700
6	103983395	106056733	701
6	106056733	107450306	702
6	107450306	108464380	703
6	108464380	110304247	704
6	110304247	112345014	705
6	112345014	114220833	706
6	114220833	116131396	707
6	116131396	117672972	708
6	117672972	118963115	709
6	118963115	119963278	710
6	119963278	120512128	711
6	120512128	121905676	712
6	121905676	123856181	713
6	123856181	125424383	714
6	125424383	127540461	715
6	127540461	129861031	716
6	129861031	130935454	717
6	130935454	132765669	718
6	132765669	134244243	719
6	134244243	136224177	720
6	136224177	137614218	721
6	137614218	138822629	722
6	138822629	139845436	723
6	139845436	142288479	724
6	142288479	145319810	725
6	145319810	146665424	726
6	146665424	148920352	727
6	148920352	150253404	728
6	150253404	151912703	729
6	151912703	153094496	730
6	153094496	154974120	731
6	154974120	156763326	732
6	156763326	158218719	733
6	158218719	160580497	734
6	160580497	162169564	735
6	162169564	162931203	736
6	162931203	164383521	737
6	164383521	165586864	738
6	165586864	167024733	739
6	167024733	168042835	740
6	168042835	169382050	741
6	169382050	170330173	742
6	170330173	171051270	743
7	16161	972752	744
7	972752	1353067	745
7	1353067	2062398	746
7	2062398	2772227	747
7	2772227	4573428	748
7	4573428	5416232	749
7	5416232	5854526	750
7	5854526	6573857	751
7	6573857	7808752	752
7	7808752	9123423	753
7	9123423	9987499	754
7	9987499	11299198	755
7	11299198	12635461	756
7	12635461	13884202	757
7	13884202	15143657	758
7	15143657	16902069	759
7	16902069	19481547	760
7	19481547	20124908	761
7	20124908	22507629	762
7	22507629	23471442	763
7	23471442	25077259	764
7	25077259	25909555	765
7	25909555	28360309	766
7	28360309	31137289	767
7	31137289	33555768	768
7	33555768	36213538	769
7	36213538	37555184	770
7	37555184	38966703	771
7	38966703	39862670	772
7	39862670	42001811	773
7	42001811	43159074	774
7	43159074	44763828	775
7	44763828	45952922	776
7	45952922	46986720	777
7	46986720	49212278	778
7	49212278	51675322	779
7	51675322	53176312	780
7	53176312	54222976	781
7	54222976	55691584	782
7	55691584	57382638	783
7	57382638	63307359	784
7	63307359	63641125	785
7	63641125	65689809	786
7	65689809	68234074	787
7	68234074	69085364	788
7	69085364	71874885	789
7	71874885	73334602	790
7	73334602	76458564	791
7	76458564	78093859	792
7	78093859	79888069	793
7	79888069	82022686	794
7	82022686	83801203	795
7	83801203	85572182	796
7	85572182	87825004	797
7	87825004	90661784	798
7	90661784	92493752	799
7	92493752	93966601	800
7	93966601	96073508	801
7	96073508	97099570	802
7	97099570	98715474	803
7	98715474	100196651	804
7	100196651	101199253	805
7	101199253	103197510	806
7	103197510	104159525	807
7	104159525	105682905	808
7	105682905	107780178	809
7	107780178	109647594	810
7	109647594	112618684	811
7	112618684	113712387	812
7	113712387	116780178	813
7	116780178	118351581	814
7	118351581	121045273	815
7	121045273	121933630	816
7	121933630	124156805	817
7	124156805	124167552	818
7	124167552	126519170	819
7	126519170	126869221	820
7	126869221	128778386	821
7	128778386	130422414	822
7	130422414	132805848	823
7	132805848	134307596	824
7	134307596	135591083	825
7	135591083	136876562	826
7	136876562	138744679	827
7	138744679	139933177	828
7	139933177	140235210	829
7	140235210	141226557	830
7	141226557	142656310	831
7	142656310	144968289	832
7	144968289	146427960	833
7	146427960	147815318	834
7	147815318	149840658	835
7	149840658	150711505	836
7	150711505	152249806	837
7	152249806	153674019	838
7	153674019	154964730	839
7	154964730	156065250	840
7	156065250	157634597	841
7	157634597	159128575	842
8	10422	1044217	843
8	1044217	1163245	844
8	1163245	2042942	845
8	2042942	2573279	846
8	2573279	3392926	847
8	3392926	3783017	848
8	3783017	4480476	849
8	4480476	5146927	850
8	5146927	6142797	851
8	6142797	7153079	852
8	7153079	9154694	853
8	9154694	9640787	854
8	9640787	10463197	855
8	10463197	11278998	856
8	11278998	13491775	857
8	13491775	13944992	858
8	13944992	15991660	859
8	15991660	17387876	860
8	17387876	17836399	861
8	17836399	19492840	862
8	19492840	20060856	863
8	20060856	21661737	864
8	21661737	22897057	865
8	22897057	24674718	866
8	24674718	25483454	867
8	25483454	26682525	868
8	26682525	28162392	869
8	28162392	29327896	870
8	29327896	31133729	871
8	31133729	31548360	872
8	31548360	32977218	873
8	32977218	35317232	874
8	35317232	37379389	875
8	37379389	38938806	876
8	38938806	40703337	877
8	40703337	41721454	878
8	41721454	42773823	879
8	42773823	46841315	880
8	46841315	50082470	881
8	50082470	53302930	882
8	53302930	54418044	883
8	54418044	55945581	884
8	55945581	56956383	885
8	56956383	59068651	886
8	59068651	59728100	887
8	59728100	62329099	888
8	62329099	63349306	889
8	63349306	65232872	890
8	65232872	66489090	891
8	66489090	69863057	892
8	69863057	70867979	893
8	70867979	72289454	894
8	72289454	73817199	895
8	73817199	75445064	896
8	75445064	76456542	897
8	76456542	79132861	898
8	79132861	81956395	899
8	81956395	82693739	900
8	82693739	84225589	901
8	84225589	85955619	902
8	85955619	87411709	903
8	87411709	89085481	904
8	89085481	90638162	905
8	90638162	93554386	906
8	93554386	95005527	907
8	95005527	96534806	908
8	96534806	99401581	909
8	99401581	101620958	910
8	101620958	104123306	911
8	104123306	104988752	912
8	104988752	107410754	913
8	107410754	108648177	914
8	108648177	109248173	915
8	109248173	110484314	916
8	110484314	111850847	917
8	111850847	113064320	918
8	113064320	116096495	919
8	116096495	119685457	920
8	119685457	121201700	921
8	121201700	124861459	922
8	124861459	125683719	923
8	125683719	126410917	924
8	126410917	128659111	925
8	128659111	130381139	926
8	130381139	131639625	927
8	131639625	133351144	928
8	133351144	134570001	929
8	134570001	136035605	930
8	136035605	137524151	931
8	137524151	139254830	932
8	139254830	140725643	933
8	140725643	143044914	934
8	143044914	144236881	935
8	144236881	146303867	936
9	10023	1079707	937
9	1079707	1916877	938
9	1916877	3190064	939
9	3190064	4495328	940
9	4495328	4884926	941
9	4884926	6557589	942
9	6557589	7154923	943
9	7154923	8456299	944
9	8456299	9166403	945
9	9166403	10879253	946
9	10879253	12276489	947
9	12276489	14836363	948
9	14836363	16659655	949
9	16659655	18661051	950
9	18661051	20463534	951
9	20463534	22206559	952
9	22206559	24158518	953
9	24158518	25330810	954
9	25330810	26111757	955
9	26111757	28224283	956
9	28224283	28811584	957
9	28811584	30387392	958
9	30387392	31310383	959
9	31310383	32019368	960
9	32019368	33578334	961
9	33578334	34642243	962
9	34642243	36743283	963
9	36743283	38641599	964
9	38641599	65472190	965
9	65472190	72512711	966
9	72512711	72753755	967
9	72753755	74253040	968
9	74253040	76203946	969
9	76203946	76973081	970
9	76973081	78900183	971
9	78900183	79471208	972
9	79471208	81079055	973
9	81079055	82590928	974
9	82590928	84211233	975
9	84211233	85440801	976
9	85440801	86938196	977
9	86938196	88109333	978
9	88109333	88590417	979
9	88590417	90136246	980
9	90136246	92528698	981
9	92528698	94167203	982
9	94167203	96671698	983
9	96671698	98922040	984
9	98922040	101592859	985
9	101592859	104624437	986
9	104624437	105967976	987
9	105967976	107581749	988
9	107581749	109298754	989
9	109298754	110695062	990
9	110695062	112778024	991
9	112778024	114831082	992
9	114831082	115693145	993
9	115693145	117019801	994
9	117019801	117921960	995
9	117921960	121321537	996
9	121321537	122260297	997
9	122260297	124871322	998
9	124871322	126971887	999
9	126971887	129059665	1000
9	129059665	130055510	1001
9	130055510	132165470	1002
9	132165470	133223217	1003
9	133223217	134127888	1004
9	134127888	135298842	1005
9	135298842	137041122	1006
9	137041122	137589364	1007
9	137589364	138938978	1008
9	138938978	139500342	1009
9	139500342	141144796	1010
10	60523	751339	1011
10	751339	1523544	1012
10	1523544	2254500	1013
10	2254500	3352699	1014
10	3352699	4572274	1015
10	4572274	5983762	1016
10	5983762	7171484	1017
10	7171484	8774665	1018
10	8774665	10249396	1019
10	10249396	12586797	1020
10	12586797	13321600	1021
10	13321600	15026068	1022
10	15026068	16551767	1023
10	16551767	18537267	1024
10	18537267	19716878	1025
10	19716878	22772283	1026
10	22772283	23175132	1027
10	23175132	25578596	1028
10	25578596	26888684	1029
10	26888684	29323236	1030
10	29323236	29783692	1031
10	29783692	30458838	1032
10	30458838	31907519	1033
10	31907519	33707968	1034
10	33707968	35109355	1035
10	35109355	36572508	1036
10	36572508	37790029	1037
10	37790029	42372579	1038
10	42372579	43894771	1039
10	43894771	44730075	1040
10	44730075	48760450	1041
10	48760450	50840915	1042
10	50840915	53616629	1043
10	53616629	55103572	1044
10	55103572	57031140	1045
10	57031140	57662146	1046
10	57662146	58959528	1047
10	58959528	60289987	1048
10	60289987	61891409	1049
10	61891409	62659679	1050
10	62659679	63341695	1051
10	63341695	65794114	1052
10	65794114	67549615	1053
10	67549615	69900148	1054
10	69900148	70195991	1055
10	70195991	72220850	1056
10	72220850	73508512	1057
10	73508512	75422550	1058
10	75422550	78706814	1059
10	78706814	80876749	1060
10	80876749	82414679	1061
10	82414679	84383745	1062
10	84383745	85458703	1063
10	85458703	87937577	1064
10	87937577	89127064	1065
10	89127064	91013381	1066
10	91013381	92006581	1067
10	92006581	93335047	1068
10	93335047	95396368	1069
10	95396368	96221243	1070
10	96221243	97822357	1071
10	97822357	100241302	1072
10	100241302	100668400	1073
10	100668400	102949239	1074
10	102949239	104380410	1075
10	104380410	106695048	1076
10	106695048	108726686	1077
10	108726686	110317705	1078
10	110317705	112561493	1079
10	112561493	115328432	1080
10	115328432	116421406	1081
10	116421406	119523934	1082
10	119523934	120591353	1083
10	120591353	122407323	1084
10	122407323	123231465	1085
10	123231465	123900545	1086
10	123900545	125869346	1087
10	125869346	128001098	1088
10	128001098	129154362	1089
10	129154362	130844284	1090
10	130844284	131741327	1091
10	131741327	132580245	1092
10	132580245	134336329	1093
10	134336329	134494673	1094
10	134494673	135523865	1095
11	70855	1213590	1096
11	1213590	3665481	1097
11	3665481	4746709	1098
11	4746709	6322869	1099
11	6322869	7436701	1100
11	7436701	8333274	1101
11	8333274	9087317	1102
11	9087317	10952027	1103
11	10952027	12564229	1104
11	12564229	13373124	1105
11	13373124	15742552	1106
11	15742552	17578402	1107
11	17578402	19569535	1108
11	19569535	21017138	1109
11	21017138	22374142	1110
11	22374142	24088517	1111
11	24088517	26045753	1112
11	26045753	27020461	1113
11	27020461	28481593	1114
11	28481593	30141357	1115
11	30141357	32276901	1116
11	32276901	33958739	1117
11	33958739	35502605	1118
11	35502605	37116815	1119
11	37116815	39382003	1120
11	39382003	42310003	1121
11	42310003	44693799	1122
11	44693799	47006137	1123
11	47006137	49866050	1124
11	49866050	54695473	1125
11	54695473	55082657	1126
11	55082657	58457495	1127
11	58457495	58780549	1128
11	58780549	62223771	1129
11	62223771	63804569	1130
11	63804569	65898631	1131
11	65898631	68005825	1132
11	68005825	69516130	1133
11	69516130	70926292	1134
11	70926292	72286017	1135
11	72286017	74412351	1136
11	74412351	76797209	1137
11	76797209	78355058	1138
11	78355058	80722373	1139
11	80722373	81266712	1140
11	81266712	84381272	1141
11	84381272	86619301	1142
11	86619301	87430235	1143
11	87430235	89208936	1144
11	89208936	90966490	1145
11	90966490	92077144	1146
11	92077144	93276157	1147
11	93276157	94242260	1148
11	94242260	95726041	1149
11	95726041	97057058	1150
11	97057058	98705065	1151
11	98705065	100417169	1152
11	100417169	101331121	1153
11	101331121	103959636	1154
11	103959636	104873284	1155
11	104873284	106520894	1156
11	106520894	107844200	1157
11	107844200	108437037	1158
11	108437037	109866116	1159
11	109866116	111114397	1160
11	111114397	112459488	1161
11	112459488	114257728	1162
11	114257728	114830666	1163
11	114830666	116383348	1164
11	116383348	117747110	1165
11	117747110	119215476	1166
11	119215476	120766806	1167
11	120766806	121175943	1168
11	121175943	122591910	1169
11	122591910	123500117	1170
11	123500117	124495528	1171
11	124495528	126311320	1172
11	126311320	127316679	1173
11	127316679	128188537	1174
11	128188537	130342575	1175
11	130342575	131074612	1176
11	131074612	133000046	1177
11	133000046	134205993	1178
11	134205993	134946452	1179
12	61107	1080331	1180
12	1080331	2544786	1181
12	2544786	3677037	1182
12	3677037	4417679	1183
12	4417679	5321472	1184
12	5321472	6419753	1185
12	6419753	8377536	1186
12	8377536	9031395	1187
12	9031395	10481534	1188
12	10481534	11754846	1189
12	11754846	12733528	1190
12	12733528	15241484	1191
12	15241484	16310460	1192
12	16310460	18087873	1193
12	18087873	20863943	1194
12	20863943	23820634	1195
12	23820634	25371083	1196
12	25371083	27799773	1197
12	27799773	29651255	1198
12	29651255	30512406	1199
12	30512406	32165592	1200
12	32165592	33076989	1201
12	33076989	37856717	1202
12	37856717	39227169	1203
12	39227169	40816185	1204
12	40816185	41658586	1205
12	41658586	43984474	1206
12	43984474	46024229	1207
12	46024229	47714793	1208
12	47714793	49001866	1209
12	49001866	51776494	1210
12	51776494	53039004	1211
12	53039004	54778823	1212
12	54778823	55665837	1213
12	55665837	57548860	1214
12	57548860	59308666	1215
12	59308666	61123729	1216
12	61123729	64032461	1217
12	64032461	65559695	1218
12	65559695	67181144	1219
12	67181144	67909729	1220
12	67909729	69826542	1221
12	69826542	70957987	1222
12	70957987	72645075	1223
12	72645075	73818454	1224
12	73818454	76511314	1225
12	76511314	78570570	1226
12	78570570	80448150	1227
12	80448150	81467767	1228
12	81467767	83502666	1229
12	83502666	84303844	1230
12	84303844	85990426	1231
12	85990426	89682122	1232
12	89682122	92066155	1233
12	92066155	94514567	1234
12	94514567	96020785	1235
12	96020785	97108839	1236
12	97108839	99305987	1237
12	99305987	101447641	1238
12	101447641	101862690	1239
12	101862690	102964986	1240
12	102964986	104848696	1241
12	104848696	106436213	1242
12	106436213	106958748	1243
12	106958748	109025901	1244
12	109025901	110336719	1245
12	110336719	113263518	1246
12	113263518	113986709	1247
12	113986709	115036602	1248
12	115036602	115503216	1249
12	115503216	117087471	1250
12	117087471	118135375	1251
12	118135375	119754110	1252
12	119754110	122007651	1253
12	122007651	124977980	1254
12	124977980	126445505	1255
12	126445505	127875098	1256
12	127875098	129237297	1257
12	129237297	130377921	1258
12	130377921	131786751	1259
12	131786751	132807034	1260
12	132807034	133841511	1261
13	19020013	20686720	1262
13	20686720	22242174	1263
13	22242174	23594702	1264
13	23594702	24531937	1265
13	24531937	25784362	1266
13	25784362	27284362	1267
13	27284362	29257551	1268
13	29257551	30483267	1269
13	30483267	32301815	1270
13	32301815	33776903	1271
13	33776903	35026464	1272
13	35026464	36046367	1273
13	36046367	37498185	1274
13	37498185	38878163	1275
13	38878163	41069263	1276
13	41069263	43101027	1277
13	43101027	44901409	1278
13	44901409	46495214	1279
13	46495214	47431079	1280
13	47431079	49383962	1281
13	49383962	51591091	1282
13	51591091	53339622	1283
13	53339622	54682864	1284
13	54682864	55817131	1285
13	55817131	57554217	1286
13	57554217	58410626	1287
13	58410626	59302271	1288
13	59302271	60854778	1289
13	60854778	61591949	1290
13	61591949	63971559	1291
13	63971559	65200602	1292
13	65200602	67844453	1293
13	67844453	70724516	1294
13	70724516	71526791	1295
13	71526791	73934089	1296
13	73934089	75670143	1297
13	75670143	77410555	1298
13	77410555	78808813	1299
13	78808813	80585676	1300
13	80585676	82581814	1301
13	82581814	84133144	1302
13	84133144	85610916	1303
13	85610916	88559882	1304
13	88559882	90521311	1305
13	90521311	93129691	1306
13	93129691	93586455	1307
13	93586455	96087558	1308
13	96087558	97519210	1309
13	97519210	98938919	1310
13	98938919	100574095	1311
13	100574095	102300523	1312
13	102300523	104066710	1313
13	104066710	104844114	1314
13	104844114	106247554	1315
13	106247554	106750000	1316
13	106750000	108189877	1317
13	108189877	109121210	1318
13	109121210	109815112	1319
13	109815112	111232073	1320
13	111232073	112247592	1321
13	112247592	113572488	1322
13	113572488	115109853	1323
14	19002084	21589402	1324
14	21589402	23018665	1325
14	23018665	24905123	1326
14	24905123	26135686	1327
14	26135686	28466533	1328
14	28466533	29972145	1329
14	29972145	32383265	1330
14	32383265	34846251	1331
14	34846251	35859593	1332
14	35859593	38667725	1333
14	38667725	40341990	1334
14	40341990	41615502	1335
14	41615502	43137389	1336
14	43137389	44543227	1337
14	44543227	46081896	1338
14	46081896	46749130	1339
14	46749130	48573586	1340
14	48573586	49005471	1341
14	49005471	50507760	1342
14	50507760	51493572	1343
14	51493572	53474383	1344
14	53474383	53997831	1345
14	53997831	55233681	1346
14	55233681	56216880	1347
14	56216880	57481262	1348
14	57481262	59448336	1349
14	59448336	61680424	1350
14	61680424	63790015	1351
14	63790015	65220298	1352
14	65220298	66399555	1353
14	66399555	67992317	1354
14	67992317	71131957	1355
14	71131957	72889615	1356
14	72889615	76444767	1357
14	76444767	77229472	1358
14	77229472	78561945	1359
14	78561945	80186579	1360
14	80186579	81579714	1361
14	81579714	83138097	1362
14	83138097	84241633	1363
14	84241633	85746319	1364
14	85746319	86647002	1365
14	86647002	87635341	1366
14	87635341	89497643	1367
14	89497643	91296860	1368
14	91296860	93132299	1369
14	93132299	94325285	1370
14	94325285	95750867	1371
14	95750867	96262415	1372
14	96262415	98341162	1373
14	98341162	99138532	1374
14	99138532	101534307	1375
14	101534307	103012102	1376
14	103012102	105001723	1377
14	105001723	106340358	1378
14	106340358	107289454	1379
15	20001200	21131604	1380
15	21131604	24195127	1381
15	24195127	25108590	1382
15	25108590	27298112	1383
15	27298112	29338502	1384
15	29338502	30165568	1385
15	30165568	31591821	1386
15	31591821	32441811	1387
15	32441811	34015425	1388
15	34015425	35083251	1389
15	35083251	37456502	1390
15	37456502	38530777	1391
15	38530777	40384132	1392
15	40384132	41177514	1393
15	41177514	42776399	1394
15	42776399	44198049	1395
15	44198049	46618787	1396
15	46618787	48136048	1397
15	48136048	50008043	1398
15	50008043	51677560	1399
15	51677560	53069096	1400
15	53069096	54508528	1401
15	54508528	55136269	1402
15	55136269	56901773	1403
15	56901773	58441366	1404
15	58441366	59694116	1405
15	59694116	61265836	1406
15	61265836	63215222	1407
15	63215222	65104668	1408
15	65104668	67094767	1409
15	67094767	69017999	1410
15	69017999	70133341	1411
15	70133341	71922649	1412
15	71922649	73628714	1413
15	73628714	76398624	1414
15	76398624	78516053	1415
15	78516053	80860978	1416
15	80860978	84260468	1417
15	84260468	86652905	1418
15	86652905	88369943	1419
15	88369943	90475551	1420
15	90475551	92164392	1421
15	92164392	93780902	1422
15	93780902	94924330	1423
15	94924330	96141596	1424
15	96141596	98030910	1425
15	98030910	99244059	1426
15	99244059	100636847	1427
15	100636847	101552694	1428
15	101552694	102520966	1429
16	60054	1207206	1430
16	1207206	2764829	1431
16	2764829	4001196	1432
16	4001196	5118345	1433
16	5118345	5891580	1434
16	5891580	6893551	1435
16	6893551	7529121	1436
16	7529121	8338519	1437
16	8338519	9799419	1438
16	9799419	10426032	1439
16	10426032	11520161	1440
16	11520161	12613098	1441
16	12613098	13154437	1442
16	13154437	14464002	1443
16	14464002	16154060	1444
16	16154060	17644749	1445
16	17644749	18643607	1446
16	18643607	20150571	1447
16	20150571	22448904	1448
16	22448904	24136875	1449
16	24136875	25986862	1450
16	25986862	27445755	1451
16	27445755	29036613	1452
16	29036613	31382943	1453
16	31382943	46399473	1454
16	46399473	49007926	1455
16	49007926	52035823	1456
16	52035823	53382572	1457
16	53382572	55903774	1458
16	55903774	57664330	1459
16	57664330	59045405	1460
16	59045405	60745694	1461
16	60745694	62229849	1462
16	62229849	63691589	1463
16	63691589	65938566	1464
16	65938566	68841363	1465
16	68841363	71054028	1466
16	71054028	72935150	1467
16	72935150	74971503	1468
16	74971503	75977954	1469
16	75977954	77523678	1470
16	77523678	78456292	1471
16	78456292	79134815	1472
16	79134815	80297374	1473
16	80297374	81772536	1474
16	81772536	82747728	1475
16	82747728	83477208	1476
16	83477208	84445883	1477
16	84445883	85148685	1478
16	85148685	86156599	1479
16	86156599	86815411	1480
16	86815411	87647349	1481
16	87647349	89041165	1482
16	89041165	90292812	1483
17	56	1172399	1484
17	1172399	1928731	1485
17	1928731	3702312	1486
17	3702312	4696261	1487
17	4696261	5741334	1488
17	5741334	7317398	1489
17	7317398	8306425	1490
17	8306425	9965921	1491
17	9965921	11102815	1492
17	11102815	12534769	1493
17	12534769	13180372	1494
17	13180372	13894637	1495
17	13894637	15019097	1496
17	15019097	16412342	1497
17	16412342	18856320	1498
17	18856320	21290357	1499
17	21290357	27334244	1500
17	27334244	29786491	1501
17	29786491	31538425	1502
17	31538425	32912798	1503
17	32912798	34469036	1504
17	34469036	36809344	1505
17	36809344	38877404	1506
17	38877404	39899810	1507
17	39899810	41772087	1508
17	41772087	43056905	1509
17	43056905	45876022	1510
17	45876022	47517400	1511
17	47517400	49898957	1512
17	49898957	50719055	1513
17	50719055	51826118	1514
17	51826118	53599432	1515
17	53599432	55357541	1516
17	55357541	57487512	1517
17	57487512	59312755	1518
17	59312755	61545589	1519
17	61545589	63148128	1520
17	63148128	64800430	1521
17	64800430	67858770	1522
17	67858770	69387817	1523
17	69387817	72672203	1524
17	72672203	74375560	1525
17	74375560	76263413	1526
17	76263413	77298636	1527
17	77298636	78837588	1528
17	78837588	80034408	1529
17	80034408	81194908	1530
18	10644	912486	1531
18	912486	1942911	1532
18	1942911	3891658	1533
18	3891658	5834180	1534
18	5834180	7090485	1535
18	7090485	8498931	1536
18	8498931	11075913	1537
18	11075913	11905440	1538
18	11905440	14440799	1539
18	14440799	19485844	1540
18	19485844	20649472	1541
18	20649472	22996651	1542
18	22996651	24026191	1543
18	24026191	25927682	1544
18	25927682	26875587	1545
18	26875587	27866478	1546
18	27866478	30264066	1547
18	30264066	31780067	1548
18	31780067	33861964	1549
18	33861964	35075250	1550
18	35075250	36365490	1551
18	36365490	37684367	1552
18	37684367	39892648	1553
18	39892648	42922106	1554
18	42922106	44299246	1555
18	44299246	45939732	1556
18	45939732	47730584	1557
18	47730584	51062185	1558
18	51062185	51554175	1559
18	51554175	55213838	1560
18	55213838	56530220	1561
18	56530220	57630483	1562
18	57630483	59020751	1563
18	59020751	60277715	1564
18	60277715	61820252	1565
18	61820252	63463402	1566
18	63463402	64252801	1567
18	64252801	66125817	1568
18	66125817	67175820	1569
18	67175820	68621179	1570
18	68621179	69621618	1571
18	69621618	71038474	1572
18	71038474	71971462	1573
18	71971462	73526987	1574
18	73526987	74813815	1575
18	74813815	75976317	1576
18	75976317	77149991	1577
18	77149991	78017158	1578
19	80840	610729	1579
19	610729	2098396	1580
19	2098396	3019660	1581
19	3019660	4348967	1582
19	4348967	5811852	1583
19	5811852	6684885	1584
19	6684885	8347513	1585
19	8347513	9238393	1586
19	9238393	11284028	1587
19	11284028	13471127	1588
19	13471127	14486347	1589
19	14486347	15648610	1590
19	15648610	16374416	1591
19	16374416	18409862	1592
19	18409862	19877471	1593
19	19877471	20905757	1594
19	20905757	22732896	1595
19	22732896	23467746	1596
19	23467746	28557893	1597
19	28557893	29790947	1598
19	29790947	30727954	1599
19	30727954	32746520	1600
19	32746520	34262952	1601
19	34262952	36469295	1602
19	36469295	37527033	1603
19	37527033	40170619	1604
19	40170619	40984601	1605
19	40984601	42131573	1606
19	42131573	43862455	1607
19	43862455	44744108	1608
19	44744108	46102697	1609
19	46102697	47150082	1610
19	47150082	49282227	1611
19	49282227	51532567	1612
19	51532567	52985290	1613
19	52985290	54602362	1614
19	54602362	55728080	1615
19	55728080	57521335	1616
19	57521335	59118839	1617
20	60479	697600	1618
20	697600	2469501	1619
20	2469501	3828413	1620
20	3828413	5477850	1621
20	5477850	7084073	1622
20	7084073	8117011	1623
20	8117011	9730921	1624
20	9730921	11249536	1625
20	11249536	12447499	1626
20	12447499	13689864	1627
20	13689864	15958359	1628
20	15958359	17487232	1629
20	17487232	18972203	1630
20	18972203	20959710	1631
20	20959710	22491456	1632
20	22491456	23293790	1633
20	23293790	24717724	1634
20	24717724	25344231	1635
20	25344231	31614823	1636
20	31614823	32813441	1637
20	32813441	34960446	1638
20	34960446	36909530	1639
20	36909530	38436761	1640
20	38436761	39610856	1641
20	39610856	40585689	1642
20	40585689	41615460	1643
20	41615460	42680176	1644
20	42680176	44839056	1645
20	44839056	47199980	1646
20	47199980	49239658	1647
20	49239658	52472549	1648
20	52472549	54055266	1649
20	54055266	56447959	1650
20	56447959	58406572	1651
20	58406572	59561724	1652
20	59561724	61301855	1653
20	61301855	62190180	1654
20	62190180	62965163	1655
21	9411243	15950982	1656
21	15950982	18053165	1657
21	18053165	19480375	1658
21	19480375	20962339	1659
21	20962339	22072764	1660
21	22072764	23362875	1661
21	23362875	24696231	1662
21	24696231	26469122	1663
21	26469122	27271019	1664
21	27271019	29125226	1665
21	29125226	31197025	1666
21	31197025	32668642	1667
21	32668642	34376999	1668
21	34376999	35225465	1669
21	35225465	36524373	1670
21	36524373	37870779	1671
21	37870779	38711704	1672
21	38711704	40482902	1673
21	40482902	41389527	1674
21	41389527	43321528	1675
21	43321528	44506268	1676
21	44506268	46177105	1677
21	46177105	47492226	1678
21	47492226	48119752	1679
22	16050408	17674295	1680
22	17674295	18296088	1681
22	18296088	19912358	1682
22	19912358	22357325	1683
22	22357325	23712647	1684
22	23712647	24984204	1685
22	24984204	26791628	1686
22	26791628	27834752	1687
22	27834752	29651799	1688
22	29651799	31439918	1689
22	31439918	32664986	1690
22	32664986	34494914	1691
22	34494914	35530985	1692
22	35530985	37570269	1693
22	37570269	39307894	1694
22	39307894	40545797	1695
22	40545797	42690818	1696
22	42690818	43714200	1697
22	43714200	44995308	1698
22	44995308	46470495	1699
22	46470495	47596318	1700
22	47596318	48903703	1701
22	48903703	49824534	1702
22	49824534	51243298	1703
